{
    "Abnormal": {
        "precision": 0.8478260869565217,
        "recall": 0.625250501002004,
        "f1-score": 0.7197231833910035,
        "support": 499.0
    },
    "Normal": {
        "precision": 0.7036450079239303,
        "recall": 0.888,
        "f1-score": 0.7851458885941646,
        "support": 500.0
    },
    "accuracy": 0.7567567567567568,
    "macro avg": {
        "precision": 0.775735547440226,
        "recall": 0.756625250501002,
        "f1-score": 0.752434535992584,
        "support": 999.0
    },
    "weighted avg": {
        "precision": 0.7756633847380074,
        "recall": 0.7567567567567568,
        "f1-score": 0.7524672800892823,
        "support": 999.0
    }
}