{
    "loss": [
        0.7543174028396606,
        0.5888454914093018,
        0.5413914918899536,
        0.49492183327674866,
        0.4920288622379303,
        0.471040815114975,
        0.6472240686416626,
        0.5657859444618225,
        0.5121103525161743,
        0.486996054649353,
        0.4473881423473358,
        0.432243287563324,
        0.4309019446372986,
        0.4187272787094116,
        0.3994818925857544,
        0.39309272170066833
    ],
    "accuracy": [
        0.6154618263244629,
        0.6927710771560669,
        0.7289156317710876,
        0.7700802683830261,
        0.7650601863861084,
        0.7660642266273499,
        0.6134538054466248,
        0.7218875288963318,
        0.75,
        0.7781124114990234,
        0.7921686172485352,
        0.823293149471283,
        0.8042168617248535,
        0.8032128214836121,
        0.8132529854774475,
        0.8263052105903625
    ],
    "val_loss": [
        0.5172995924949646,
        0.5921214818954468,
        0.5935930013656616,
        0.643513023853302,
        0.5279181003570557,
        0.5397899150848389,
        0.5334993004798889,
        0.4953380227088928,
        0.4941096007823944,
        0.48701953887939453,
        0.47386640310287476,
        0.48983025550842285,
        0.5061545968055725,
        0.5164095163345337,
        0.5211905837059021,
        0.5185384154319763
    ],
    "val_accuracy": [
        0.7407407164573669,
        0.6966966986656189,
        0.7017017006874084,
        0.6866866946220398,
        0.7387387156486511,
        0.7377377152442932,
        0.7097097039222717,
        0.7357357144355774,
        0.7357357144355774,
        0.7387387156486511,
        0.7567567229270935,
        0.7527527213096619,
        0.750750720500946,
        0.7527527213096619,
        0.7537537217140198,
        0.7537537217140198
    ],
    "lr": [
        9.999999747378752e-05,
        9.999999747378752e-05,
        9.999999747378752e-05,
        9.999999747378752e-05,
        1.9999999494757503e-05,
        1.9999999494757503e-05,
        9.999999747378752e-06,
        9.999999747378752e-06,
        9.999999747378752e-06,
        9.999999747378752e-06,
        9.999999747378752e-06,
        9.999999747378752e-06,
        9.999999747378752e-06,
        9.999999747378752e-06,
        1.9999999949504854e-06,
        1.9999999949504854e-06
    ]
}