{
  "accuracy": [
    0.5969101190567017,
    0.6910112500190735,
    0.7205055952072144,
    0.7401685118675232,
    0.817415714263916,
    0.7991573214530945,
    0.8300561904907227,
    0.8230336904525757,
    0.8356741666793823,
    0.8384831547737122,
    0.8230336904525757,
    0.8230336904525757,
    0.8623595237731934,
    0.8497191071510315,
    0.8216292262077332,
    0.8665730357170105,
    0.8693820238113403,
    0.9002808928489685,
    0.8398876190185547,
    0.8469101190567017,
    0.8764045238494873,
    0.8300561904907227,
    0.8300561904907227,
    0.8398876190185547,
    0.8455055952072144,
    0.8637640476226807,
    0.8834269642829895,
    0.8441011309623718,
    0.8567415475845337,
    0.875,
    0.8834269642829895,
    0.875,
    0.8426966071128845,
    0.8623595237731934,
    0.8960674405097961,
    0.8904494643211365,
    0.8904494643211365,
    0.8665730357170105,
    0.8946629166603088,
    0.8848314881324768,
    0.8764045238494873,
    0.8848314881324768,
    0.858146071434021,
    0.8792135119438171,
    0.9044944047927856,
    0.8764045238494873,
    0.9002808928489685,
    0.8974719047546387,
    0.8707864880561829,
    0.8806179761886597,
    0.8974719047546387
  ],
  "val_loss": [
    0.2388773113489151,
    0.2384861409664154,
    0.23865190148353577,
    0.24599584937095642,
    0.2559002637863159,
    0.2606407105922699,
    0.2723923325538635,
    0.2656874656677246,
    0.25423792004585266,
    0.26435375213623047,
    0.2809274196624756,
    0.2609437108039856,
    0.26894471049308777,
    0.2688533663749695,
    0.2554731070995331,
    0.2693759799003601,
    0.25469404458999634,
    0.26464587450027466,
    0.29887932538986206,
    0.25381049513816833,
    0.2448025494813919,
    0.2689513564109802,
    0.26897376775741577,
    0.25509992241859436,
    0.2498629093170166,
    0.24406681954860687,
    0.2447039932012558,
    0.24278496205806732,
    0.24568696320056915,
    0.24081498384475708,
    0.2602739632129669,
    0.2455272078514099,
    0.25061699748039246,
    0.2518288195133209,
    0.24194234609603882,
    0.23921838402748108,
    0.25004586577415466,
    0.24995099008083344,
    0.24681489169597626,
    0.245381161570549,
    0.24106860160827637,
    0.23887495696544647,
    0.24011242389678955,
    0.2415904998779297,
    0.23852835595607758,
    0.2384319305419922,
    0.23801004886627197,
    0.23611579835414886,
    0.233123779296875,
    0.2329159826040268,
    0.23257938027381897
  ],
  "lr": [
    