{
    "train_acc": [
        0.6504706954145156,
        0.7303370786516854,
        0.7470391740054662,
        0.7461281506225327,
        0.7515942909201336,
        0.752808988764045,
        0.7561494078348011,
        0.7509869419981781,
        0.7573641056787125,
        0.760097175827513,
        0.7622228970543578
    ],
    "val_acc": [
        0.7463592233009708,
        0.7584951456310679,
        0.7609223300970873,
        0.7572815533980581,
        0.7669902912621358,
        0.7682038834951456,
        0.7293689320388349,
        0.7694174757281552,
        0.7087378640776698,
        0.7609223300970873,
        0.7730582524271844
    ],
    "train_loss": [
        1.3727227328506386,
        1.1269504059204531,
        1.0240782264913066,
        0.9598332301049185,
        0.9169853326038426,
        0.8752959636146089,
        0.856052497365067,
        0.831564802186597,
        0.8028490117100862,
        0.7854803411424106,
        0.7594528469748313
    ],
    "val_loss": [
        1.1692551721646949,
        1.045805140606408,
        0.9618958425753324,
        0.9186963844067842,
        0.8814151101899379,
        0.8238285889903318,
        0.9467893896751034,
        0.7870420906150225,
        0.8885389774748422,
        0.7697183235177716,
        0.7298461786172923
    ]
}