{
    "Abnormal": {
        "precision": 0.9192982456140351,
        "recall": 0.5250501002004008,
        "f1-score": 0.6683673469387754,
        "support": 499.0
    },
    "Normal": {
        "precision": 0.6680672268907563,
        "recall": 0.954,
        "f1-score": 0.7858319604612849,
        "support": 500.0
    },
    "accuracy": 0.7397397397397397,
    "macro avg": {
        "precision": 0.7936827362523957,
        "recall": 0.7395250501002004,
        "f1-score": 0.7270996537000302,
        "support": 999.0
    },
    "weighted avg": {
        "precision": 0.7935569950017833,
        "recall": 0.7397397397397397,
        "f1-score": 0.7271584447978892,
        "support": 999.0
    }
}