{
    "loss": [
        0.7951115369796753,
        0.6138221025466919,
        0.5411012768745422,
        0.5124915242195129,
        0.5148411393165588,
        0.44701898097991943,
        0.4543554186820984,
        0.49649113416671753,
        0.48126110434532166,
        0.4526943862438202,
        0.4532926082611084,
        0.43415015935897827,
        0.39987707138061523,
        0.41421929001808167,
        0.41848650574684143,
        0.41439032554626465,
        0.3588255047798157,
        0.3608141541481018,
        0.34978407621383667
    ],
    "accuracy": [
        0.6325300931930542,
        0.7439758777618408,
        0.7620481848716736,
        0.781124472618103,
        0.7831324934959412,
        0.8112449645996094,
        0.8072288632392883,
        0.7891566157341003,
        0.8002007603645325,
        0.7971886992454529,
        0.8212851285934448,
        0.8293172121047974,
        0.8313252925872803,
        0.8303212523460388,
        0.8373493552207947,
        0.8353413343429565,
        0.8483935594558716,
        0.8574296832084656,
        0.8514056205749512
    ],
    "val_loss": [
        0.6421698331832886,
        0.6139152646064758,
        0.6173321604728699,
        0.5850296020507812,
        0.5672075748443604,
        0.6291309595108032,
        0.7360279560089111,
        0.6727505922317505,
        0.6871151328086853,
        0.7218869924545288,
        0.7301855683326721,
        0.783935010433197,
        0.7177159786224365,
        0.7282280921936035,
        0.8296020030975342,
        1.0946998596191406,
        0.9452608823776245,
        0.8774760365486145,
        0.8824605941772461
    ],
    "val_accuracy": [
        0.586586594581604,
        0.6446446180343628,
        0.6566566228866577,
        0.7017017006874084,
        0.7167167067527771,
        0.7107107043266296,
        0.6946946978569031,
        0.7137137055397034,
        0.7157157063484192,
        0.7157157063484192,
        0.7107107043266296,
        0.7137137055397034,
        0.739739716053009,
        0.7447447180747986,
        0.7187187075614929,
        0.6876876950263977,
        0.7097097039222717,
        0.7227227091789246,
        0.7227227091789246
    ],
    "lr": [
        9.999999747378752e-05,
        9.999999747378752e-05,
        9.999999747378752e-05,
        9.999999747378752e-05,
        9.999999747378752e-05,
        9.999999747378752e-05,
        9.999999747378752e-05,
        9.999999747378752e-05,
        2.9999999242136255e-05,
        2.9999999242136255e-05,
        9.999999747378752e-06,
        9.999999747378752e-06,
        9.999999747378752e-06,
        9.999999747378752e-06,
        9.999999747378752e-06,
        9.999999747378752e-06,
        2.9999998787388904e-06,
        2.9999998787388904e-06,
        2.9999998787388904e-06
    ]
}