{
    "Abnormal": {
        "precision": 0.8414322250639387,
        "recall": 0.6593186372745491,
        "f1-score": 0.7393258426966293,
        "support": 499.0
    },
    "Normal": {
        "precision": 0.7203947368421053,
        "recall": 0.876,
        "f1-score": 0.7906137184115525,
        "support": 500.0
    },
    "accuracy": 0.7677677677677678,
    "macro avg": {
        "precision": 0.780913480953022,
        "recall": 0.7676593186372745,
        "f1-score": 0.7649697805540909,
        "support": 999.0
    },
    "weighted avg": {
        "precision": 0.7808529016295876,
        "recall": 0.7677677677677678,
        "f1-score": 0.7649954501615558,
        "support": 999.0
    }
}